﻿Spotify URI,Track Name,Artist Name,Album Name,Disc Number,Track Number,Track Duration (ms),Added By,Added At
"spotify:track:2xlV2CuWgpPyE9e0GquKDN","Someone To Stay","Vancouver Sleep Clinic","Revival","1","5","254013","spotify:user:abcportugal1988","2017-08-15T19:16:31Z"
"spotify:track:64e3f3vDqy1k5xRknw4IGQ","Your Love","HAERTS","Your Love","1","1","226413","spotify:user:abcportugal1988","2017-08-15T19:16:37Z"
"spotify:track:7pZ2yntlLsrMquzWoh8weN","Million Dollar Secret","Lucius","Million Dollar Secret","1","1","145758","spotify:user:abcportugal1988","2017-08-15T19:16:44Z"
"spotify:track:172rW45GEnGoJUuWfm1drt","Your Best American Girl","Mitski","Puberty 2","1","5","212183","spotify:user:abcportugal1988","2017-08-15T19:16:50Z"
"spotify:track:7DDcNAaRQm1cyDeJ4yLafO","Reflecting Light","Sam Phillips","A Boot and a Shoe","1","6","197066","spotify:user:abcportugal1988","2017-08-15T19:17:00Z"
"spotify:track:728zbo72kOoYdGR3AhNsyF","Say Something Loving","The xx","I See You","1","2","238373","spotify:user:abcportugal1988","2017-08-15T19:19:52Z"
"spotify:track:65fXbdx5DstarNIGI7NRdS","Conrad","SOHN","Rennen","1","2","223095","spotify:user:abcportugal1988","2017-08-15T19:20:09Z"
"spotify:track:4KmylOc7EVRfTfy6OImJPX","Chateau Lobby #4 (in C for Two Virgins)","Father John Misty","I Love You, Honeybear","1","2","170840","spotify:user:abcportugal1988","2017-08-15T19:20:23Z"
"spotify:track:6O1XKTvgVLwytNWdOlFcHI","3WW","alt-J","RELAXER","1","1","300106","spotify:user:abcportugal1988","2017-08-15T19:24:24Z"
"spotify:track:2QCiQn9SGMydJPoMyOxijM","Pretty Thing","Broods","Broods","1","2","196781","spotify:user:abcportugal1988","2017-08-15T20:10:07Z"
"spotify:track:3LeNQIGi0zwmQm8WShZB95","No One's Gonna Love You","Band of Horses","Cease To Begin","1","3","217333","spotify:user:abcportugal1988","2017-08-19T22:38:18Z"
"spotify:track:69oAflKTaF6WOhvRe3y4qW","The Kids Don't Stand A Chance","Vampire Weekend","Vampire Weekend","1","11","243000","spotify:user:abcportugal1988","2017-08-19T22:38:32Z"
"spotify:track:61yQP9FDS7ukp4eAVTdwit","Bloodbuzz Ohio","The National","High Violet (Expanded Edition)","1","6","275933","spotify:user:abcportugal1988","2017-08-19T22:38:35Z"
"spotify:track:1waBeOYyySmYMLsgCB3aVh","In The Morning I’ll Be Better","Tennis","Yours Conditionally","1","1","213173","spotify:user:abcportugal1988","2017-08-19T22:38:38Z"
"spotify:track:35hI97JHRaZiO3AGCcQC2o","Paint or Pollen","Blind Pilot","3 Rounds and a Sound","1","3","217400","spotify:user:abcportugal1988","2017-08-19T22:38:51Z"
"spotify:track:3zr2s3o2Ye1j6t0ZMdoUYi","Song For Zula","Phosphorescent","Muchacho De Lujo (Deluxe Edition)","1","2","370200","spotify:user:abcportugal1988","2017-08-19T22:38:54Z"
"spotify:track:2qpQvKdVtxgTRu4q6xXrL7","Campus","Vampire Weekend","Vampire Weekend","1","6","176466","spotify:user:abcportugal1988","2017-08-19T22:39:02Z"
"spotify:track:4mdyVTV7Tr5YDFnD2kvSM4","Bruises","Chairlift","Does You Inspire You","1","4","241466","spotify:user:abcportugal1988","2017-08-19T22:39:05Z"
"spotify:track:1p2TWJxUlHE5JR0sE6E1d7","Best to You","Blood Orange","Freetown Sound","1","4","225747","spotify:user:abcportugal1988","2017-08-19T22:39:52Z"
"spotify:track:4MzySNjSdv9ZegSD13IVNV","Wicked Game - Recorded Live at St Canice Cathedral, Kilkenny","James Vincent McMorrow","Wicked Game (Recorded Live at St Canice Cathedral, Kilkenny)","1","1","271405","spotify:user:abcportugal1988","2017-08-19T22:40:19Z"
"spotify:track:72wmXZCWjyJuAFcKCf4xur","Hell To The Liars","London Grammar","Truth Is A Beautiful Thing (Deluxe)","1","5","364506","spotify:user:abcportugal1988","2017-08-19T22:40:24Z"
"spotify:track:7vcNp4cj4uF4AyX5aKY4Ps","You're Not Good Enough","Blood Orange","Cupid Deluxe","1","2","261360","spotify:user:abcportugal1988","2017-08-19T22:40:37Z"
"spotify:track:7zkDEBSxkcBVsStS4qBFpK","Lisztomania","Phoenix","Wolfgang Amadeus Phoenix","1","1","241546","spotify:user:abcportugal1988","2017-08-19T22:43:07Z"
"spotify:track:2LMloFiV7DHpBhITOaBSam","Hard To Explain","The Strokes","Is This It","1","8","224426","spotify:user:abcportugal1988","2017-08-19T22:43:11Z"
"spotify:track:3cUxncrTWSA9lhlQbuIwUY","Stuck on the puzzle","Alex Turner","Submarine - Original Songs From The Film By Alex Turner","1","5","211053","spotify:user:abcportugal1988","2017-08-19T22:43:28Z"
"spotify:track:0KNVDEeZWXZPIYKqJeRRpX","If You Wanna","The Vaccines","What Did You Expect From The Vaccines?","1","2","174013","spotify:user:abcportugal1988","2017-08-19T22:43:32Z"
"spotify:track:1k4OsQujxXPLij0ZsTFlMx","I'll Try Anything Once - Live From Electric Lady Studios for WRXP, New York","Julian Casablancas","Live From Electric Lady Studios/WRXP New York","1","3","203666","spotify:user:abcportugal1988","2017-08-19T22:43:35Z"
"spotify:track:4g3Ax56IslQkI6XVfYKVc5","The Less I Know The Better","Tame Impala","Currents","1","7","216318","spotify:user:abcportugal1988","2017-08-19T22:43:40Z"
"spotify:track:7gARZ2i5u5DHC1b1n1fML5","Breezeblocks","alt-J","An Awesome Wave","1","4","227080","spotify:user:abcportugal1988","2017-08-19T22:44:48Z"
"spotify:track:0240T0gP9w6xEgIciBrfVF","Talk Is Cheap","Chet Faker","Built on Glass","1","2","218067","spotify:user:abcportugal1988","2017-08-19T22:45:07Z"
"spotify:track:2GaAWaIazp02G4PZJV0gxX","Limit To Your Love","James Blake","James Blake","1","7","276720","spotify:user:abcportugal1988","2017-08-19T22:45:27Z"
"spotify:track:64xJ1MMFxxK6osZxJH857T","Waves","Dean Lewis","Waves","1","1","241292","spotify:user:abcportugal1988","2017-08-19T22:45:48Z"
"spotify:track:5QYhNt0XzoUByyg1VJtnns","Love Will Tear Us Apart","Susanna and the Magical Orchestra, Susanna","Melody Mountain","1","5","308292","spotify:user:abcportugal1988","2017-08-19T22:48:44Z"
"spotify:track:6MMojjMFcyv3btdSXFGeYc","Byegone","Volcano Choir","Repave","1","4","262533","spotify:user:abcportugal1988","2017-08-19T22:53:08Z"
"spotify:track:2jZgzSxNSg1hTCq0ewWHGJ","Junk of the Heart (Happy)","The Kooks","Junk Of The Heart","1","1","187253","spotify:user:abcportugal1988","2017-08-19T23:09:23Z"
"spotify:track:7q2vQa5a1LCqEbssxR1QXF","Cigarette Daydreams","Cage The Elephant","Melophobia","1","10","208765","spotify:user:abcportugal1988","2017-08-19T23:09:31Z"
"spotify:track:4iwpCp7qdDLngGI3gsVTza","Miracle Aligner","The Last Shadow Puppets, Alex Turner, Miles Kane","Everything You've Come To Expect (Deluxe Edition)","1","2","245727","spotify:user:abcportugal1988","2017-08-19T23:09:46Z"
"spotify:track:3KBqljFtiqQNCfVHTOL1y3","Radio","Sylvan Esso","What Now","1","4","212333","spotify:user:abcportugal1988","2017-08-19T23:10:43Z"
"spotify:track:08wnOyN1wyMaNrup3m353f","My Tears Are Becoming a Sea","M83","Hurry up, We're Dreaming","1","12","151826","spotify:user:abcportugal1988","2017-08-19T23:10:45Z"
"spotify:track:11X4Gw3T4hoktVruLgTnm1","Heartbeats","José González","Veneer","1","4","160240","spotify:user:abcportugal1988","2017-08-19T23:25:37Z"
"spotify:track:6oI3Inlpzlik5e7cy4Sdi8","The Gardener","The Tallest Man On Earth","Shallow Grave","1","6","237000","spotify:user:abcportugal1988","2017-08-19T23:27:11Z"
"spotify:track:7lGCq7kGHwOB2s47GaPKwl","A 1000 Times","Hamilton Leithauser + Rostam","I Had A Dream That You Were Mine","1","1","248360","spotify:user:abcportugal1988","2017-08-21T08:19:34Z"
"spotify:track:2liSlNexNAwuix9JhmF8KZ","Shuffle","Bombay Bicycle Club","A Different Kind Of Fix","1","6","235293","spotify:user:abcportugal1988","2017-08-20T07:14:19Z"
"spotify:track:11CbsnTGmG0bf0iOp7S7co","Head Rolls Off","Frightened Rabbit","Head Rolls Off","1","1","224346","spotify:user:abcportugal1988","2017-08-20T07:14:29Z"
"spotify:track:2os0aK782bakCPmjow0SU0","Drunk Drivers/Killer Whales","Car Seat Headrest","Teens Of Denial","1","6","374653","spotify:user:abcportugal1988","2017-08-20T07:15:09Z"
"spotify:track:14knd7ZIqcs7TdfrUXHsnH","Tightrope","Yeasayer","Good Evening Washington D.C., Live at 9.30 Club","1","13","224173","spotify:user:abcportugal1988","2017-08-20T07:15:35Z"
"spotify:track:6Hmj7SrLRbreLVfVS7mV1S","Wake Up","Arcade Fire","Funeral","1","7","335333","spotify:user:abcportugal1988","2017-08-20T07:15:42Z"
"spotify:track:0cFlrika7XOFWD2mMFLLkb","California English","Vampire Weekend","Contra","1","4","150240","spotify:user:abcportugal1988","2017-08-20T07:16:44Z"
"spotify:track:48bo7uexDvAThcRDvEB2W7","Simple Song","The Shins","Port Of Morrow","1","2","255400","spotify:user:abcportugal1988","2017-08-20T07:17:20Z"
"spotify:track:4AChFzfPjp6wh6bmI13lka","Kick Jump Twist","Sylvan Esso","What Now","1","5","263226","spotify:user:abcportugal1988","2017-08-20T07:17:43Z"
"spotify:track:0nhBKubnVz9yFNNprBniWz","YOUTH","Troye Sivan","Blue Neighbourhood (Deluxe)","1","10","185194","spotify:user:abcportugal1988","2017-08-20T07:18:59Z"
"spotify:track:2i63MeQVdPuLvDH4EdaqXO","Undercover Martyn","Two Door Cinema Club","Tourist History","1","7","166573","spotify:user:abcportugal1988","2017-08-20T07:21:30Z"
"spotify:track:4MrwJDlbxpRCdbZWznfbyx","Sweet Disposition","The Temper Trap","Conditions","1","3","234360","spotify:user:abcportugal1988","2017-08-20T07:21:48Z"
"spotify:track:0WQiDwKJclirSYG9v5tayI","There Is A Light That Never Goes Out - 2011 Remastered Version","The Smiths","The Queen Is Dead","1","9","244586","spotify:user:abcportugal1988","2017-08-20T07:22:12Z"
"spotify:track:7xyLPPjQuDxfW4Et9UbI38","Follow My Voice","Julie Byrne","Not Even Happiness","1","1","242387","spotify:user:abcportugal1988","2017-08-21T08:32:19Z"
"spotify:track:3Q3LbqfjDhWjmyYeirHfDe","Third of May / Ōdaigahara - Edit","Fleet Foxes","Third of May / Ōdaigahara (Edit)","1","1","242989","spotify:user:abcportugal1988","2017-08-21T08:34:02Z"
"spotify:track:2OC6drvbkFDGyPs6e1B2WF","Fool's Errand","Fleet Foxes","Crack-Up","1","9","288413","spotify:user:abcportugal1988","2017-08-21T08:34:17Z"
"spotify:track:66FWqWJuO7Gcp60ujiqOeN","Siphon","Zola Jesus","Siphon","1","1","229617","spotify:user:abcportugal1988","2017-08-31T23:47:40Z"
"spotify:track:7IH5g5SwdD0844hyHbmOzD","Doomed","Moses Sumney","Doomed","1","1","263473","spotify:user:abcportugal1988","2017-09-01T00:03:45Z"
"spotify:track:41bqk7dKc9Qj1WBQ0Jtbfx","You’ve Got a Woman","Whitney","You've Got a Woman / Gonna Hurry (As Slow as I Can)","1","1","193436","spotify:user:abcportugal1988","2017-09-01T00:06:55Z"
"spotify:track:1awjm21aczhnk8RJcZloqD","Twist Your Arm","Ten Fé","Hit The Light","1","4","309665","spotify:user:abcportugal1988","2017-09-01T00:21:54Z"
"spotify:track:664ozfzs0kbB7n4BRV7Y7y","Bride","San Fermin","Belong","1","2","229080","spotify:user:abcportugal1988","2017-09-01T00:35:53Z"
"spotify:track:7vAb6xya02LhN4YQh8X42w","Water","Ra Ra Riot, Rostam","Water","1","1","280333","spotify:user:abcportugal1988","2017-09-01T00:42:43Z"
"spotify:track:2IUyBbYUsOoyV7yaoxVodq","Wood","Rostam","Wood","1","1","342426","spotify:user:abcportugal1988","2017-09-01T00:47:10Z"
"spotify:track:2UYJqglnOMTvRcqQLNcjjf","Two Weeks","FKA twigs","LP1","1","3","247547","spotify:user:abcportugal1988","2017-09-01T01:31:48Z"
"spotify:track:2b4SSorCTQ2VzmllaeWuuT","YOU'RE THE ONE","KAYTRANADA, Syd","99.9%","1","11","227706","spotify:user:abcportugal1988","2017-09-01T01:42:29Z"
"spotify:track:0o1yupLwR1vjnEWbLPQqrO","No. 28","Methyl Ethel","Everything Is Forgotten","1","3","242026","spotify:user:abcportugal1988","2017-09-01T04:07:53Z"
"spotify:track:64NA4WUQqPzP801MTyirpD","Boyfriend (Repeat)","Confidence Man","Boyfriend (Repeat)","1","1","251520","spotify:user:abcportugal1988","2017-09-01T04:20:39Z"
"spotify:track:4eE6vZ2vOrceLq4xgz3VmG","Ya Hey","Vampire Weekend","Modern Vampires of the City","1","10","312653","spotify:user:abcportugal1988","2017-09-01T12:46:51Z"
"spotify:track:0cReiQLnbTaFfUajukjDBb","Alaska","Maggie Rogers","Now That The Light Is Fading","1","2","189400","spotify:user:abcportugal1988","2017-09-01T13:21:53Z"
"spotify:track:4j0fsZahdRzY9xlvqMTSb2","Queen Of Denmark","John Grant","Queen Of Denmark","1","12","288506","spotify:user:abcportugal1988","2017-09-03T00:53:45Z"
"spotify:track:3hxoYmSHzIBwSS2bPTOfbg","Misread","Kings of Convenience","Riot On An Empty Street","1","2","188400","spotify:user:abcportugal1988","2017-09-03T01:17:40Z"
"spotify:track:17eRjBLAI0PNlrJSqcGqdM","Cut Your Bangs","Girlpool","Chinatown","1","2","172988","spotify:user:abcportugal1988","2017-09-03T01:26:23Z"
"spotify:track:7kbztAghpLjcmBpH7Fp2Vj","Kin and Chrome","Sivu","Sweet Sweet Silent","1","3","234320","spotify:user:abcportugal1988","2017-09-03T12:58:40Z"
"spotify:track:1mH84zLWFB3MkqlavtNjrf","GMF","John Grant","Pale Green Ghosts","1","3","313986","spotify:user:abcportugal1988","2017-09-03T15:06:38Z"
"spotify:track:4hq3eYHlkHhcD70jwgZQhE","Þerney (One Thing)","Pascal Pinon","Twosomeness","1","2","217186","spotify:user:abcportugal1988","2017-09-04T00:54:28Z"
"spotify:track:2YpMNBg4yFZZPNCQjrwcRi","Steamboat","AdriAnne Lenker","Hours Were the Birds","1","5","161626","spotify:user:abcportugal1988","2017-09-08T14:17:54Z"
"spotify:track:5WRR0hMHbpudiTOoj4vsX0","Tea, Milk & Honey","Oh Pep!","Stadium Cake","1","6","322173","spotify:user:abcportugal1988","2017-09-08T14:25:43Z"
"spotify:track:3LBBbuewEDcvr2BPrUJfMJ","All Through The Night","Oberhofer","Table 19: Oberhofer's Ultimate Wedding Mixtape","1","1","253013","spotify:user:abcportugal1988","2017-09-08T14:38:18Z"
"spotify:track:2WueTmc9qkc7kvo30LNdYe","Aldrig lugnt","Nadja Evelina","Aldrig samma/Alltid samma","1","1","182866","spotify:user:abcportugal1988","2017-09-11T02:44:27Z"
"spotify:track:24FkH15vdGOSkyfLAovlKl","Ordinary Madness","Joe Goddard, SLO","Electric Lines (Deluxe Version)","1","1","298881","spotify:user:abcportugal1988","2017-09-11T02:49:21Z"
"spotify:track:4vDQMtAXkPwRxEqM8oXtMQ","Omaha","Toro y Moi","Omaha","1","1","196790","spotify:user:abcportugal1988","2017-09-11T02:53:06Z"
"spotify:track:7j1Q7Xx6Ozn5mUJfrqaSjp","What You Need","BAYNK, NÏKA","What You Need","1","1","218086","spotify:user:abcportugal1988","2017-09-11T02:58:15Z"
"spotify:track:72DTGt2tVAL6ATVhzVjvkk","Lust For Life","Girls","Album","1","1","145293","spotify:user:abcportugal1988","2017-09-11T03:08:32Z"
"spotify:track:5zOnoB8FdZudDcPX4O8WqF","(No One Knows Me) Like the Piano","Sampha","Process","1","4","218160","spotify:user:abcportugal1988","2017-09-11T03:19:15Z"
"spotify:track:5uWHu2Oz5nIWoO38JeRtSJ","Hey Mami","Sylvan Esso","Sylvan Esso","1","1","200160","spotify:user:abcportugal1988","2017-09-11T12:54:32Z"
"spotify:track:6AYrHFx4DQxdUQeSmAzNYr","Artifice","SOHN","Tremors","1","3","197977","spotify:user:abcportugal1988","2017-09-11T21:04:40Z"
"spotify:track:6KZ7duCkaniteGwmqz5ors","Happy Accidents","Saint Motel","saintmotelevision","1","10","183333","spotify:user:abcportugal1988","2017-09-12T16:46:32Z"
"spotify:track:4SQfzfWy9zrddTtvhZ6cIa","Dress","Sylvan Esso","Sylvan Esso","1","5","229840","spotify:user:abcportugal1988","2017-09-21T17:28:38Z"
"spotify:track:33BWiM6OaybYEtYklVeC6T","Gunerius - Remix","Amanda Delara","Gunerius (Remix)","1","1","207098","spotify:user:abcportugal1988","2017-09-25T01:28:01Z"
"spotify:track:2cKo2UWaGTK2DCkn1T4vXW","Kamikaze","Susanne Sundfør","Ten Love Songs","1","5","311653","spotify:user:abcportugal1988","2017-09-25T01:50:14Z"
"spotify:track:23Xn28hj2UKh9vQmK9bwsV","I Never Loved This Hard This Fast Before","Tami T","I Never Loved This Hard This Fast Before","1","1","262011","spotify:user:abcportugal1988","2017-09-25T01:57:22Z"
"spotify:track:2eH4LAMhD20bl8tQseKckb","Unchained Melody","Lykke Li","Unchained Melody","1","1","156000","spotify:user:abcportugal1988","2017-09-25T02:07:02Z"
"spotify:track:0HV1cGoX5ASBlPA1pqH8fG","Every Other Freckle","alt-J","This Is All Yours","1","4","216004","spotify:user:abcportugal1988","2017-09-25T02:09:53Z"
"spotify:track:6uFwhB7gVs7ExCAfJD5BWg","Mais Ninguém","Banda do Mar","Banda do Mar","1","2","168640","spotify:user:abcportugal1988","2017-09-25T02:22:10Z"
"spotify:track:39X5TMrohxd2kGC8CwZ4nO","Used To Be","Beach House","Teen Dream","1","5","238760","spotify:user:abcportugal1988","2017-09-25T02:24:49Z"
"spotify:track:70WyPf8WtXvG3CgeTZZWz6","Nantes","Beirut","The Flying Club Cup","1","2","230200","spotify:user:abcportugal1988","2017-09-25T02:29:54Z"
"spotify:track:1c20BEm4fEQEDoE5v1ehbZ","Look At What The Light Did Now","Flo Morrissey and Matthew E. White","Gentlewoman, Ruby Man","1","1","201866","spotify:user:abcportugal1988","2017-09-25T10:40:31Z"
"spotify:track:7Asow87xLxIV8v8RgIgq1h","É preciso que eu diminua","Samuel Uria","Carga de Ombro","1","2","250679","spotify:user:abcportugal1988","2017-09-25T10:43:35Z"
"spotify:track:0S0KpAMozQV6axfsJTRM0u","We Are the Ones","WE TRUST","Everyday Heroes","1","5","217200","spotify:user:abcportugal1988","2017-09-25T10:49:11Z"
"spotify:track:3I0w0pdn5s2W44gGmBxsa0","Amanhã Tou Melhor","Capitão Fausto","Capitão Fausto Têm os Dias Contados","1","2","206733","spotify:user:abcportugal1988","2017-09-25T17:14:14Z"
"spotify:track:36G0EHyZxajeNwD1aIEl5F","Painted Yellow Lines","Dispatch","America, Location 12","1","4","320533","spotify:user:abcportugal1988","2017-09-25T18:40:44Z"
"spotify:track:2QD3d1Jmro7nBLDoABJ5AF","Over Everything","Courtney Barnett, Kurt Vile","Over Everything","1","1","380106","spotify:user:abcportugal1988","2017-09-26T13:10:45Z"
"spotify:track:1LfWibYjk0TD8YNPtzym9A","33 “GOD”","Bon Iver","22, A Million","1","4","213000","spotify:user:abcportugal1988","2017-09-26T13:17:43Z"
"spotify:track:1CLmFKW99S8eJrebO3GB04","No Woman","Whitney","Light Upon the Lake","1","1","237973","spotify:user:abcportugal1988","2017-09-26T13:36:40Z"
"spotify:track:1kgws2l8gsvDhtsVyzWbu9","Overnight","Parcels","Overnight","1","1","219602","spotify:user:abcportugal1988","2017-09-26T13:41:11Z"
"spotify:track:5280Me7PZs7P2UPVfcSOEq","Baybee","Jay Som","Everybody Works","1","6","225253","spotify:user:abcportugal1988","2017-09-26T14:00:22Z"
"spotify:track:1Y15qHACvhsRxRTxvbI1Qj","Everybody Does","Julien Baker","Sprained Ankle","1","4","145888","spotify:user:abcportugal1988","2017-09-26T14:08:16Z"
"spotify:track:6yV07yVfbB7Gb15o2MqG8q","Truth","Kamasi Washington","Truth","1","1","810322","spotify:user:abcportugal1988","2017-09-26T14:30:07Z"
"spotify:track:4VZM71F8XAoLRuNyNLxwWS","29 #Strafford APTS","Bon Iver","22, A Million","1","5","245200","spotify:user:abcportugal1988","2017-09-26T14:35:26Z"
"spotify:track:2CzyAi4to9a4oPh4mFZMCW","The First Time Ever I Saw Your Face","The Flaming Lips, Erykah Badu","The Flaming Lips And Heady Fwends","1","11","604066","spotify:user:abcportugal1988","2017-09-26T14:49:23Z"
"spotify:track:5a4d1YVJ3OBFRqgAhRK36o","No Matter Where We Go","Whitney","Light Upon the Lake","1","6","161746","spotify:user:abcportugal1988","2017-09-26T17:25:49Z"
"spotify:track:4A4yi3loAgIpq0qHZLC9py","1998","Chet Faker, Banks","1998","1","1","224026","spotify:user:abcportugal1988","2017-09-26T23:02:09Z"
"spotify:track:6Jz6K1LBGmYqirDbkk2y2K","Slip","Elliot Moss","Highspeeds","1","3","298906","spotify:user:abcportugal1988","2017-09-26T23:19:13Z"
"spotify:track:4yUZPM6OfAY1KJik9rsveW","Hoops","The Rubens","Hoops","1","3","158946","spotify:user:abcportugal1988","2017-09-26T23:22:26Z"
"spotify:track:4l3yM2aEkcijkEkZv33lLd","Better Sit Down Boy","Confidence Man","Better Sit Down Boy","1","1","204840","spotify:user:abcportugal1988","2017-09-26T23:31:14Z"
"spotify:track:1R3iCFdkpUvP64AR0jKKPm","If Looks Could Kill","Camera Obscura","Let's Get Out Of This Country","1","8","209840","spotify:user:abcportugal1988","2017-09-28T12:41:45Z"
"spotify:track:3g75FaISBHgdqR8d3yb80i","Sprained Ankle","Julien Baker","Sprained Ankle","1","2","142046","spotify:user:abcportugal1988","2017-09-28T12:44:39Z"
"spotify:track:2CcLBFxWgi2X3ZRzqlkoul","Marilyn Monroe","Sevdaliza","Ison","1","3","208954","spotify:user:abcportugal1988","2017-09-28T12:48:13Z"
"spotify:track:2Ab2xJJw3hcXBi7LZM3PC5","Ba$$in","Yelle","Complètement fou","1","2","179373","spotify:user:abcportugal1988","2017-09-28T12:49:54Z"
"spotify:track:6ssPcgoSVWIKeCvt5COgZx","Breath","YEIN","5","1","4","209935","spotify:user:abcportugal1988","2017-09-28T19:19:46Z"
"spotify:track:6ddhpONHD37AnPMQUkReQt","Slack Jaw - Echo Mountain Sessions","Sylvan Esso","Echo Mountain Sessions EP","1","4","210060","spotify:user:abcportugal1988","2017-09-28T19:22:54Z"
"spotify:track:0KGM1gftECJvXNfQ9W6ovA","Into Yellow","Martin Luke Brown","Into Yellow","1","1","162452","spotify:user:abcportugal1988","2017-10-01T14:27:15Z"
"spotify:track:06nw88aK8vHYRnT4JPrE7I","Wasted Youth","Sody, Martin Luke Brown","Wasted Youth","1","1","204871","spotify:user:abcportugal1988","2017-10-01T14:30:07Z"
"spotify:track:2YSwT1dsBBommgdxywislY","Headlights","Tor Miller","American English","1","6","226419","spotify:user:abcportugal1988","2017-10-01T14:34:04Z"
"spotify:track:30s2kMSgTWYjjMphKvcY04","You Don't Think You Like People Like Me","Alex Lahey","B-Grade University","1","4","227529","spotify:user:abcportugal1988","2017-10-01T14:40:29Z"
"spotify:track:5yWqyzm7pmm1EDchxMyN7p","No Exit","Tennis","No Exit","1","1","234306","spotify:user:abcportugal1988","2017-10-01T23:38:34Z"
"spotify:track:6apwnMLWb8cu3Q2OcacWu6","Asido","Purity Ring","Asido","1","1","220613","spotify:user:abcportugal1988","2017-10-01T23:41:29Z"
"spotify:track:1acb8u70kClk6NjITaZyuG","Bike Dream","Rostam","Half-Light","1","2","201760","spotify:user:abcportugal1988","2017-10-04T10:51:38Z"
"spotify:track:4mAeYP6WtMW4yQTbAd4PRV","Deadcrush","alt-J","RELAXER","1","5","232013","spotify:user:abcportugal1988","2017-10-04T10:54:13Z"
"spotify:track:1pFv1c5KieQm79zCr4qYVU","Hope For Something","Panama","Hope For Something","1","1","234734","spotify:user:abcportugal1988","2017-10-04T11:00:42Z"
"spotify:track:4Ha7QKlFXwsS0MEFlFEXBo","Falling (feat. Shamir)","House of Feelings, Shamir","Falling (feat. Shamir)","1","1","198740","spotify:user:abcportugal1988","2017-10-06T15:57:49Z"
"spotify:track:0bZOa6mrw8O689QWmOvpoN","Calm Me Down","Ben Cocks, Adam Connor","Songbirds","1","1","223077","spotify:user:abcportugal1988","2017-10-10T11:59:51Z"
"spotify:track:5FhC1lQjMycV3Gp1QhWV62","Boa Companhia","Luís Severo","Luis Severo","1","6","203174","spotify:user:abcportugal1988","2017-10-11T23:28:02Z"
"spotify:track:7c06HxUF8mXPYccxQT6cYM","Boy To Beastie","The Van Jets","Boy To Beastie","1","1","188000","spotify:user:abcportugal1988","2017-10-13T11:38:39Z"
"spotify:track:5ZBzxiakij8j7QwzEfXuCu","Jewels","Warhola","Jewels","1","1","210002","spotify:user:abcportugal1988","2017-10-13T21:37:30Z"
"spotify:track:5WtQrdYunFhgVSLD9e8oKY","On + Off","Maggie Rogers","Now That The Light Is Fading","1","3","221533","spotify:user:abcportugal1988","2017-10-14T02:24:55Z"
"spotify:track:2nvZv4qatgsDIbEqqbQLUT","West Coast","Coconut Records","Nighttiming","1","2","210106","spotify:user:abcportugal1988","2017-10-14T02:32:01Z"
"spotify:track:6qnaCx4wQQBqFd9XdQyWjC","Name For You","The Shins","Heartworms","1","1","189493","spotify:user:abcportugal1988","2017-10-14T02:32:06Z"
"spotify:track:7IFmNtlfvjiqVA1oFVSqtQ","I Was Alive Back Then (feat. Half Waif)","Kevin Devine, Half Waif","I Was Alive Back Then (feat. Half Waif)","1","1","309220","spotify:user:abcportugal1988","2017-10-14T02:49:34Z"
"spotify:track:6HqWcIutC3Bwk6awM1jnGP","Elephant","Tame Impala","Lonerism","1","9","211226","spotify:user:abcportugal1988","2017-10-14T11:38:08Z"
"spotify:track:02q6smWRlEqAeoeD1jPsOI","Corazón","Capitão Fausto","Capitão Fausto Têm os Dias Contados","1","4","251066","spotify:user:abcportugal1988","2017-10-15T14:31:54Z"
"spotify:track:068LmtzI6xJJDPfPnMje0U","Let It Happen","Tame Impala","Currents","1","1","467585","spotify:user:abcportugal1988","2017-10-18T13:59:36Z"
"spotify:track:6ZNOKGRCaD4Om9XtWwrRf0","Moon River (feat. Kotomi)","Opus Orange, Kotomi","Moon River (feat. Kotomi)","1","1","148353","spotify:user:abcportugal1988","2017-10-20T23:14:59Z"
"spotify:track:1HxLdPHNJbFY3DG8c5qqhX","bellyache","Billie Eilish","Bellyache","1","1","179172","spotify:user:abcportugal1988","2017-10-20T23:25:44Z"
"spotify:track:7heivRkLsSiA5dLbSL7NEW","Lena del Rey","Ciclo Preparatório","As Viuvas Não Temem a Morte","1","2","208419","spotify:user:abcportugal1988","2017-10-21T23:37:44Z"
"spotify:track:13tG7PiXorXsLGmDrJbKdm","Beach Sluts","Howler","America Give Up","1","1","189173","spotify:user:abcportugal1988","2017-10-21T23:47:19Z"
"spotify:track:2a4tgiJPFIsuwaxHmG1uzF","What's That Perfume That You Wear?","Jens Lekman","Life Will See You Now","1","4","210920","spotify:user:abcportugal1988","2017-11-04T11:14:02Z"
"spotify:track:0I94RrHW9W97glLXSEOQOk","Only (RX Y)","Shashi Pratap Singh","Only (RX Y)","1","1","353724","spotify:user:abcportugal1988","2017-11-19T14:41:12Z"
"spotify:track:6pDV2eXUwq1PP9SCwqOivp","99","Elliot Moss","Boomerang","1","3","244464","spotify:user:abcportugal1988","2017-11-19T14:44:03Z"
"spotify:track:1kJYmG59kwtbs2rvkqpzB6","Looking for Knives","DYAN","Looking for Knives","1","5","373866","spotify:user:abcportugal1988","2017-11-19T22:40:35Z"
"spotify:track:1Q7fwjvUmOIXML41ATfniS","Animals","Tamu Massif","Bala EP","1","5","200132","spotify:user:abcportugal1988","2017-11-22T23:04:25Z"
"spotify:track:1HAzsv7VCvbgqrpenTRWj1","The System Only Dreams in Total Darkness","The National","Sleep Well Beast","1","4","236746","spotify:user:abcportugal1988","2017-11-27T23:35:41Z"
"spotify:track:00Vohtee3Qf8aCs1oxMAmL","Don’t Delete The Kisses","Wolf Alice","Visions Of A Life","1","4","275226","spotify:user:abcportugal1988","2017-11-27T23:44:52Z"
"spotify:track:2reMpZOHjP6bf9320rp6FA","Country","Porches","Country","1","1","112590","spotify:user:abcportugal1988","2017-11-27T23:49:31Z"
"spotify:track:0SUDiaR0qm30fXVGPjPvRp","Visions of Gideon","Sufjan Stevens","Call Me By Your Name (Original Motion Picture Soundtrack)","1","17","247808","spotify:user:abcportugal1988","2017-11-27T23:54:52Z"
"spotify:track:2nZKNILiMDOEvJgRAQ8swA","I Was A Fool","Sunflower Bean","I Was A Fool","1","1","213173","spotify:user:abcportugal1988","2017-11-28T22:23:25Z"
"spotify:track:2JJ94rpKNgLbZTD9Y3qKBM","IDK About You","Fever Ray","Plunge","1","5","220530","spotify:user:abcportugal1988","2017-11-28T22:26:06Z"
"spotify:track:093QjwAvKEye5QVm8BAWB7","Blanket Me","Hundred Waters","Communicating","1","10","296520","spotify:user:abcportugal1988","2017-11-28T22:56:04Z"
"spotify:track:5JdLUE9D743ob2RtgmVpVx","Makeba","Jain","Zanaka","1","8","249533","spotify:user:abcportugal1988","2017-11-28T23:40:17Z"
"spotify:track:7lVQHgESPBFicshr57Z4LL","Bored","Billie Eilish","Bored","1","1","180933","spotify:user:abcportugal1988","2017-12-04T08:17:24Z"
"spotify:track:42YStFZisN7OLfdEatf8w3","Dumb Love","NEIL FRANCES","Dumb Love","1","1","282728","spotify:user:abcportugal1988","2017-12-08T10:03:57Z"
"spotify:track:2LgCwYDgPhPVTLpl8t0tKX","Tonya Harding (In Eb major)","Sufjan Stevens","Tonya Harding","1","2","241856","spotify:user:abcportugal1988","2017-12-11T01:01:22Z"
"spotify:track:5GbVzc6Ex5LYlLJqzRQhuy","Mystery of Love","Sufjan Stevens","Mystery of Love","1","1","248960","spotify:user:abcportugal1988","2017-12-11T01:22:58Z"
"spotify:track:7JeYK1pt9Kds0E62S7uiIU","Water Fountain","Tune-Yards","nikki nack","1","2","183453","spotify:user:abcportugal1988","2017-12-11T01:23:28Z"
"spotify:track:7iBZEQ8kDTl9UtvTs6BTBP","Unbound","Ásgeir","Afterglow (Deluxe)","1","2","247129","spotify:user:abcportugal1988","2017-12-11T01:35:41Z"
"spotify:track:0iRf0UTth80CIlXxSLoKSa","Breathing","Oscar and the Wolf","Infinity","1","10","230213","spotify:user:abcportugal1988","2017-12-11T01:39:05Z"
"spotify:track:0BEVY0DNiwODgxnZHpjL7G","Stardust","Ásgeir","Afterglow (Deluxe)","1","3","224934","spotify:user:abcportugal1988","2017-12-11T02:13:04Z"
"spotify:track:4puJIusNgQEVKujaQmr8P4","Before","Vök","Tension","1","2","203226","spotify:user:abcportugal1988","2017-12-13T12:39:20Z"
"spotify:track:4jvmxinTWdqVzFsgDpH5u0","River","Bishop Briggs","Bishop Briggs","1","1","214280","spotify:user:abcportugal1988","2017-12-14T08:27:07Z"
"spotify:track:6DUvqNwH4BQLc0Gu7YarTS","Replica","The xx","I See You (Deluxe)","1","6","249000","spotify:user:abcportugal1988","2017-12-16T14:56:15Z"
"spotify:track:0XTOkFhWdcAZy51dnOf6uQ","Let It Pass","Jakob Ogawa","Let It Pass","1","1","126697","spotify:user:abcportugal1988","2017-12-18T01:17:41Z"
"spotify:track:6LxcPUqx6noURdA5qc4BAT","Motion Sickness","Phoebe Bridgers","Stranger in the Alps","1","2","229760","spotify:user:abcportugal1988","2017-12-18T01:20:40Z"
"spotify:track:2mIZZi1nqsqJC0jfjCSGDl","On My Side","Gordi","Reservoir","1","3","270213","spotify:user:abcportugal1988","2017-12-18T01:24:32Z"
"spotify:track:2gvnBjH4V1JrmjdKH3i9iT","Håper du har plass","Cezinando","Håper du har plass","1","1","224571","spotify:user:abcportugal1988","2017-12-20T08:16:14Z"
